uid,artifact_traceability_status,artifact_name,artifact_path,artifact_type,relationship_explanation
GHOST-PREPROCESS-ROOT,IMPLEMENTATION_PENDING,,,,The complete requirement is not currently implemented because final routing-aware query reconstruction and/or required schema-to-runtime field mapping remains incomplete at the downstream handoff boundary.
GHOST-PREPROCESS-PRODUCT-NAME,SYSTEM_WIDE,,,,"This UID spans multiple independent implementation areas rather than one owner: ragstream/app/controller.py, ragstream/preprocessing/preprocessing.py, ragstream/preprocessing/activebrief_relation_classifier.py, ragstream/agents/a2_promptshaper.py, ragstream/orchestration/superprompt_projector.py, ragstream/orchestration/super_prompt.py, and Agent Stack JSON loading via ragstream/orchestration/agent_factory.py; no single Python file owns the complete prompt-preparation scope."
GHOST-PREPROCESS-THREE-PART-MODEL,SYSTEM_WIDE,,,,"This UID spans multiple independent implementation areas rather than one owner: ragstream/app/controller.py, ragstream/preprocessing/preprocessing.py, ragstream/preprocessing/activebrief_relation_classifier.py, ragstream/agents/a2_promptshaper.py, ragstream/orchestration/superprompt_projector.py, ragstream/orchestration/super_prompt.py, and Agent Stack JSON loading via ragstream/orchestration/agent_factory.py; no single Python file owns the complete prompt-preparation scope."
GHOST-PREPROCESS-CURRENT-SCOPE,IMPLEMENTATION_PENDING,,,,The complete requirement is not currently implemented because final routing-aware query reconstruction and/or required schema-to-runtime field mapping remains incomplete at the downstream handoff boundary.
GHOST-PREPROCESS-END-TO-END-FLOW,IMPLEMENTATION_PENDING,,,,The complete requirement is not currently implemented because final routing-aware query reconstruction and/or required schema-to-runtime field mapping remains incomplete at the downstream handoff boundary.
GHOST-PREPROCESS-DETERMINISTIC-BOUNDARY,SYSTEM_WIDE,,,,"This UID spans multiple independent implementation areas rather than one owner: ragstream/app/controller.py, ragstream/preprocessing/preprocessing.py, ragstream/preprocessing/activebrief_relation_classifier.py, ragstream/agents/a2_promptshaper.py, ragstream/orchestration/superprompt_projector.py, ragstream/orchestration/super_prompt.py, and Agent Stack JSON loading via ragstream/orchestration/agent_factory.py; no single Python file owns the complete prompt-preparation scope."
GHOST-PREPROCESS-CLASSIFIER-BOUNDARY,TRACED,activebrief_relation_classifier.py,ragstream/preprocessing/activebrief_relation_classifier.py,PYTHON,"activebrief_relation_classifier.py owns this relation-classification and routing scope through ActiveBriefRelationClassifier.run(), classify(), _write_result_to_superprompt(), _build_decision(), _build_relation_state(), _find_current_activebrief(), and _build_current_prompt_text(), with data/agents/activebrief_relation_classifier/activebrief_relation_classifier_001.json JSONPaths $.llm_config, $.static_prompt, $.dynamic_bindings, $.decision_targets, and $.output_schema loaded by AgentFactory as supporting configuration."
GHOST-PREPROCESS-A2-BOUNDARY,TRACED,a2_promptshaper.py,ragstream/agents/a2_promptshaper.py,PYTHON,"a2_promptshaper.py owns this A2 PromptShaper scope through A2PromptShaper.run(), _build_default_selector_result(), _sanitize_selector_result(), _build_prompt_under_evaluation(), _build_result_key_map(), and _build_required_output_text(), with data/agents/a2_promptshaper/003.json JSONPaths $.llm_config, $.static_prompt, $.dynamic_bindings, $.decision_targets, $.output_schema and catalog refs to a2_catalogs/*.json loaded by AgentFactory as supporting configuration."
GHOST-PREPROCESS-AGENT-STACK-REFERENCE,SYSTEM_WIDE,,,,"This UID spans multiple independent implementation areas rather than one owner: ragstream/app/controller.py, ragstream/preprocessing/preprocessing.py, ragstream/preprocessing/activebrief_relation_classifier.py, ragstream/agents/a2_promptshaper.py, ragstream/orchestration/superprompt_projector.py, ragstream/orchestration/super_prompt.py, and Agent Stack JSON loading via ragstream/orchestration/agent_factory.py; no single Python file owns the complete prompt-preparation scope."
GHOST-PREPROCESS-SUPERPROMPT-BOUNDARY,TRACED,super_prompt.py,ragstream/orchestration/super_prompt.py,PYTHON,"super_prompt.py owns this state-contract scope through SuperPrompt.__slots__, SuperPrompt.__init__(), body, extras, lifecycle fields, effective_retrieval_query_text, retrieval artifact fields, and compose_prompt_ready() wrapper; preprocessing/classification logic remains subordinate writers into this central state."
GHOST-PREPROCESS-ORCHESTRATION-BOUNDARY,TRACED,controller.py,ragstream/app/controller.py,PYTHON,"controller.py owns controller coordination boundaries through AppController.__init__(), preprocess(), and run_a2_promptshaper(), constructing shared components and sequencing calls while keeping schema rules, classifier semantics, selector sanitization, and retrieval algorithms in their dedicated modules."
GHOST-PREPROCESS-KNOWLEDGE-BOUNDARY,IMPLEMENTATION_PENDING,,,,The complete requirement is not currently implemented because final routing-aware query reconstruction and/or required schema-to-runtime field mapping remains incomplete at the downstream handoff boundary.
GHOST-PREPROCESS-MEMORY-BOUNDARY,SYSTEM_WIDE,,,,"This UID spans multiple independent implementation areas rather than one owner: ragstream/app/controller.py, ragstream/preprocessing/preprocessing.py, ragstream/preprocessing/activebrief_relation_classifier.py, ragstream/agents/a2_promptshaper.py, ragstream/orchestration/superprompt_projector.py, ragstream/orchestration/super_prompt.py, and Agent Stack JSON loading via ragstream/orchestration/agent_factory.py; no single Python file owns the complete prompt-preparation scope."
GHOST-PREPROCESS-SCHEMA-LOAD,TRACED,controller.py,ragstream/app/controller.py,PYTHON,"controller.py owns schema-loading coordination through AppController.__init__(), which constructs exactly one PromptSchema from the configured ragstream/config/prompt_schema.json path before AppController.preprocess() can parse a prompt."
GHOST-PREPROCESS-SCHEMA-JSON,TRACED,prompt_schema.py,ragstream/preprocessing/prompt_schema.py,PYTHON,"prompt_schema.py owns this schema contract through PromptSchema.__init__(), _load(), normalize_key(), default_for(), and must, loading ragstream/config/prompt_schema.json JSONPaths $.version, $.canonical_keys, $.must_keys, $.defaults, $.aliases, and $.bilingual before deterministic users consume them."
GHOST-PREPROCESS-SCHEMA-NORMALIZATION,TRACED,prompt_schema.py,ragstream/preprocessing/prompt_schema.py,PYTHON,"prompt_schema.py owns deterministic header-key normalization through PromptSchema.normalize_key(), including string validation, Unicode NFKC normalization, lowercase conversion, whitespace trimming and collapse, and punctuation removal."
GHOST-PREPROCESS-RUNTIME-BODY-FIELDS,TRACED,super_prompt.py,ragstream/orchestration/super_prompt.py,PYTHON,"super_prompt.py owns this state-contract scope through SuperPrompt.__slots__, SuperPrompt.__init__(), body, extras, lifecycle fields, effective_retrieval_query_text, retrieval artifact fields, and compose_prompt_ready() wrapper; preprocessing/classification logic remains subordinate writers into this central state."
GHOST-PREPROCESS-SCHEMA-RUNTIME-MAPPING,IMPLEMENTATION_PENDING,,,,The complete requirement is not currently implemented because final routing-aware query reconstruction and/or required schema-to-runtime field mapping remains incomplete at the downstream handoff boundary.
GHOST-PREPROCESS-MUST-DESTINATION,IMPLEMENTATION_PENDING,,,,The complete requirement is not currently implemented because final routing-aware query reconstruction and/or required schema-to-runtime field mapping remains incomplete at the downstream handoff boundary.
GHOST-PREPROCESS-CANONICAL-MATCH,TRACED,name_matcher.py,ragstream/preprocessing/name_matcher.py,PYTHON,"name_matcher.py owns this header-resolution scope through NameMatcher.resolve(), with PromptSchema.normalize_key(), is_canonical(), aliases, and bilingual maps as subordinate schema accessors; it implements canonical, alias, bilingual, then unknown ordering without fuzzy or semantic matching."
GHOST-PREPROCESS-ALIAS-MATCH,TRACED,name_matcher.py,ragstream/preprocessing/name_matcher.py,PYTHON,"name_matcher.py owns this header-resolution scope through NameMatcher.resolve(), with PromptSchema.normalize_key(), is_canonical(), aliases, and bilingual maps as subordinate schema accessors; it implements canonical, alias, bilingual, then unknown ordering without fuzzy or semantic matching."
GHOST-PREPROCESS-BILINGUAL-MATCH,TRACED,name_matcher.py,ragstream/preprocessing/name_matcher.py,PYTHON,"name_matcher.py owns this header-resolution scope through NameMatcher.resolve(), with PromptSchema.normalize_key(), is_canonical(), aliases, and bilingual maps as subordinate schema accessors; it implements canonical, alias, bilingual, then unknown ordering without fuzzy or semantic matching."
GHOST-PREPROCESS-MATCH-ORDER,TRACED,name_matcher.py,ragstream/preprocessing/name_matcher.py,PYTHON,"name_matcher.py owns this header-resolution scope through NameMatcher.resolve(), with PromptSchema.normalize_key(), is_canonical(), aliases, and bilingual maps as subordinate schema accessors; it implements canonical, alias, bilingual, then unknown ordering without fuzzy or semantic matching."
GHOST-PREPROCESS-NO-FUZZY-MATCHING,TRACED,name_matcher.py,ragstream/preprocessing/name_matcher.py,PYTHON,"name_matcher.py owns this header-resolution scope through NameMatcher.resolve(), with PromptSchema.normalize_key(), is_canonical(), aliases, and bilingual maps as subordinate schema accessors; it implements canonical, alias, bilingual, then unknown ordering without fuzzy or semantic matching."
GHOST-PREPROCESS-SCHEMA-VERSION,TRACED,prompt_schema.py,ragstream/preprocessing/prompt_schema.py,PYTHON,"prompt_schema.py owns this schema contract through PromptSchema.__init__(), _load(), normalize_key(), default_for(), and must, loading ragstream/config/prompt_schema.json JSONPaths $.version, $.canonical_keys, $.must_keys, $.defaults, $.aliases, and $.bilingual before deterministic users consume them."
GHOST-PREPROCESS-NONEMPTY-INPUT,TRACED,controller.py,ragstream/app/controller.py,PYTHON,"controller.py owns the whitespace boundary through AppController.preprocess(), which trims user_text and returns the supplied SuperPrompt immediately when the trimmed text is empty, before invoking any downstream prompt-preparation step."
GHOST-PREPROCESS-HEADER-LEVELS,TRACED,preprocessing.py,ragstream/preprocessing/preprocessing.py,PYTHON,"preprocessing.py owns this deterministic preprocessing scope through preprocess(), _parse_markdown_sections(), _update_effective_retrieval_query_text(), and _compose_prompt_ready(), using PromptSchema/NameMatcher and JSON ragstream/config/prompt_schema.json paths $.canonical_keys, $.must_keys, $.defaults, $.aliases, and $.bilingual only as subordinate inputs."
GHOST-PREPROCESS-HEADER-SYNTAX,TRACED,preprocessing.py,ragstream/preprocessing/preprocessing.py,PYTHON,"preprocessing.py owns this deterministic preprocessing scope through preprocess(), _parse_markdown_sections(), _update_effective_retrieval_query_text(), and _compose_prompt_ready(), using PromptSchema/NameMatcher and JSON ragstream/config/prompt_schema.json paths $.canonical_keys, $.must_keys, $.defaults, $.aliases, and $.bilingual only as subordinate inputs."
GHOST-PREPROCESS-SECTION-BOUNDARY,TRACED,preprocessing.py,ragstream/preprocessing/preprocessing.py,PYTHON,"preprocessing.py owns this deterministic preprocessing scope through preprocess(), _parse_markdown_sections(), _update_effective_retrieval_query_text(), and _compose_prompt_ready(), using PromptSchema/NameMatcher and JSON ragstream/config/prompt_schema.json paths $.canonical_keys, $.must_keys, $.defaults, $.aliases, and $.bilingual only as subordinate inputs."
GHOST-PREPROCESS-PLAIN-TEXT-MODE,TRACED,preprocessing.py,ragstream/preprocessing/preprocessing.py,PYTHON,"preprocessing.py owns this deterministic preprocessing scope through preprocess(), _parse_markdown_sections(), _update_effective_retrieval_query_text(), and _compose_prompt_ready(), using PromptSchema/NameMatcher and JSON ragstream/config/prompt_schema.json paths $.canonical_keys, $.must_keys, $.defaults, $.aliases, and $.bilingual only as subordinate inputs."
GHOST-PREPROCESS-HEADER-RESOLUTION,TRACED,preprocessing.py,ragstream/preprocessing/preprocessing.py,PYTHON,"preprocessing.py owns this deterministic preprocessing scope through preprocess(), _parse_markdown_sections(), _update_effective_retrieval_query_text(), and _compose_prompt_ready(), using PromptSchema/NameMatcher and JSON ragstream/config/prompt_schema.json paths $.canonical_keys, $.must_keys, $.defaults, $.aliases, and $.bilingual only as subordinate inputs."
GHOST-PREPROCESS-LAST-WINS,TRACED,preprocessing.py,ragstream/preprocessing/preprocessing.py,PYTHON,"preprocessing.py owns this deterministic preprocessing scope through preprocess(), _parse_markdown_sections(), _update_effective_retrieval_query_text(), and _compose_prompt_ready(), using PromptSchema/NameMatcher and JSON ragstream/config/prompt_schema.json paths $.canonical_keys, $.must_keys, $.defaults, $.aliases, and $.bilingual only as subordinate inputs."
GHOST-PREPROCESS-UNKNOWN-HEADERS,TRACED,preprocessing.py,ragstream/preprocessing/preprocessing.py,PYTHON,"preprocessing.py owns this deterministic preprocessing scope through preprocess(), _parse_markdown_sections(), _update_effective_retrieval_query_text(), and _compose_prompt_ready(), using PromptSchema/NameMatcher and JSON ragstream/config/prompt_schema.json paths $.canonical_keys, $.must_keys, $.defaults, $.aliases, and $.bilingual only as subordinate inputs."
GHOST-PREPROCESS-RECOGNIZED-WRITEBACK,IMPLEMENTATION_PENDING,,,,Recognized schema keys are not consistently delivered to active runtime fields: response_depth and output_format remain schema-facing names and are discarded by preprocessing.py's runtime write-back whitelist instead of reaching depth and format.
GHOST-PREPROCESS-TASK-CONTEXT-FALLBACK,TRACED,preprocessing.py,ragstream/preprocessing/preprocessing.py,PYTHON,"preprocessing.py owns this deterministic preprocessing scope through preprocess(), _parse_markdown_sections(), _update_effective_retrieval_query_text(), and _compose_prompt_ready(), using PromptSchema/NameMatcher and JSON ragstream/config/prompt_schema.json paths $.canonical_keys, $.must_keys, $.defaults, $.aliases, and $.bilingual only as subordinate inputs."
GHOST-PREPROCESS-TASK-RAW-FALLBACK,TRACED,preprocessing.py,ragstream/preprocessing/preprocessing.py,PYTHON,"preprocessing.py owns this deterministic preprocessing scope through preprocess(), _parse_markdown_sections(), _update_effective_retrieval_query_text(), and _compose_prompt_ready(), using PromptSchema/NameMatcher and JSON ragstream/config/prompt_schema.json paths $.canonical_keys, $.must_keys, $.defaults, $.aliases, and $.bilingual only as subordinate inputs."
GHOST-PREPROCESS-MANDATORY-DEFAULTS,IMPLEMENTATION_PENDING,,,,"Mandatory defaults are applied to the transient mapped dictionary, but active mandatory fields such as constraints and output_format lack usable runtime destinations and can be discarded before SuperPrompt write-back."
GHOST-PREPROCESS-BODY-TEXT-PRESERVATION,TRACED,preprocessing.py,ragstream/preprocessing/preprocessing.py,PYTHON,"preprocessing.py owns this deterministic preprocessing scope through preprocess(), _parse_markdown_sections(), _update_effective_retrieval_query_text(), and _compose_prompt_ready(), using PromptSchema/NameMatcher and JSON ragstream/config/prompt_schema.json paths $.canonical_keys, $.must_keys, $.defaults, $.aliases, and $.bilingual only as subordinate inputs."
GHOST-PREPROCESS-IN-PLACE-UPDATE,TRACED,preprocessing.py,ragstream/preprocessing/preprocessing.py,PYTHON,"preprocessing.py owns this deterministic preprocessing scope through preprocess(), _parse_markdown_sections(), _update_effective_retrieval_query_text(), and _compose_prompt_ready(), using PromptSchema/NameMatcher and JSON ragstream/config/prompt_schema.json paths $.canonical_keys, $.must_keys, $.defaults, $.aliases, and $.bilingual only as subordinate inputs."
GHOST-PREPROCESS-BODY-WRITEBACK,IMPLEMENTATION_PENDING,,,,Body write-back is incomplete because the required schema-to-runtime mapping is absent; recognized response_depth/output_format values and unsupported mandatory defaults are not consistently written into their required SuperPrompt destinations.
GHOST-PREPROCESS-NO-NEW-BODY-FIELDS,TRACED,preprocessing.py,ragstream/preprocessing/preprocessing.py,PYTHON,"preprocessing.py owns this deterministic preprocessing scope through preprocess(), _parse_markdown_sections(), _update_effective_retrieval_query_text(), and _compose_prompt_ready(), using PromptSchema/NameMatcher and JSON ragstream/config/prompt_schema.json paths $.canonical_keys, $.must_keys, $.defaults, $.aliases, and $.bilingual only as subordinate inputs."
GHOST-PREPROCESS-PRESERVE-UNTOUCHED-FIELDS,TRACED,preprocessing.py,ragstream/preprocessing/preprocessing.py,PYTHON,"preprocessing.py owns this deterministic preprocessing scope through preprocess(), _parse_markdown_sections(), _update_effective_retrieval_query_text(), and _compose_prompt_ready(), using PromptSchema/NameMatcher and JSON ragstream/config/prompt_schema.json paths $.canonical_keys, $.must_keys, $.defaults, $.aliases, and $.bilingual only as subordinate inputs."
GHOST-PREPROCESS-INITIAL-QUERY-PROJECTION,TRACED,preprocessing.py,ragstream/preprocessing/preprocessing.py,PYTHON,"preprocessing.py owns this deterministic preprocessing scope through preprocess(), _parse_markdown_sections(), _update_effective_retrieval_query_text(), and _compose_prompt_ready(), using PromptSchema/NameMatcher and JSON ragstream/config/prompt_schema.json paths $.canonical_keys, $.must_keys, $.defaults, $.aliases, and $.bilingual only as subordinate inputs."
GHOST-PREPROCESS-STAGE-MARK,TRACED,preprocessing.py,ragstream/preprocessing/preprocessing.py,PYTHON,"preprocessing.py owns this deterministic preprocessing scope through preprocess(), _parse_markdown_sections(), _update_effective_retrieval_query_text(), and _compose_prompt_ready(), using PromptSchema/NameMatcher and JSON ragstream/config/prompt_schema.json paths $.canonical_keys, $.must_keys, $.defaults, $.aliases, and $.bilingual only as subordinate inputs."
GHOST-PREPROCESS-HISTORY-MARK,TRACED,preprocessing.py,ragstream/preprocessing/preprocessing.py,PYTHON,"preprocessing.py owns this deterministic preprocessing scope through preprocess(), _parse_markdown_sections(), _update_effective_retrieval_query_text(), and _compose_prompt_ready(), using PromptSchema/NameMatcher and JSON ragstream/config/prompt_schema.json paths $.canonical_keys, $.must_keys, $.defaults, $.aliases, and $.bilingual only as subordinate inputs."
GHOST-PREPROCESS-NO-RETRIEVAL-MUTATION,SYSTEM_WIDE,,,,"This UID spans multiple independent implementation areas rather than one owner: ragstream/app/controller.py, ragstream/preprocessing/preprocessing.py, ragstream/preprocessing/activebrief_relation_classifier.py, ragstream/agents/a2_promptshaper.py, ragstream/orchestration/superprompt_projector.py, ragstream/orchestration/super_prompt.py, and Agent Stack JSON loading via ragstream/orchestration/agent_factory.py; no single Python file owns the complete prompt-preparation scope."
GHOST-PREPROCESS-LOCAL-PREVIEW,TRACED,preprocessing.py,ragstream/preprocessing/preprocessing.py,PYTHON,"preprocessing.py owns this deterministic preprocessing scope through preprocess(), _parse_markdown_sections(), _update_effective_retrieval_query_text(), and _compose_prompt_ready(), using PromptSchema/NameMatcher and JSON ragstream/config/prompt_schema.json paths $.canonical_keys, $.must_keys, $.defaults, $.aliases, and $.bilingual only as subordinate inputs."
GHOST-PREPROCESS-CENTRAL-PROJECTION,TRACED,controller.py,ragstream/app/controller.py,PYTHON,"controller.py owns this completion-time projection coordination through AppController.preprocess(), which invokes sp.compose_prompt_ready() after relation metadata is written so the central SuperPrompt projection refreshes the prepared preview."
GHOST-PREPROCESS-ACTIVEBRIEF-OPTIONAL,TRACED,activebrief_relation_classifier.py,ragstream/preprocessing/activebrief_relation_classifier.py,PYTHON,"activebrief_relation_classifier.py owns this relation-classification and routing scope through ActiveBriefRelationClassifier.run(), classify(), _write_result_to_superprompt(), _build_decision(), _build_relation_state(), _find_current_activebrief(), and _build_current_prompt_text(), with data/agents/activebrief_relation_classifier/activebrief_relation_classifier_001.json JSONPaths $.llm_config, $.static_prompt, $.dynamic_bindings, $.decision_targets, and $.output_schema loaded by AgentFactory as supporting configuration."
GHOST-PREPROCESS-ACTIVEBRIEF-ELIGIBILITY,TRACED,activebrief_relation_classifier.py,ragstream/preprocessing/activebrief_relation_classifier.py,PYTHON,"activebrief_relation_classifier.py owns this relation-classification and routing scope through ActiveBriefRelationClassifier.run(), classify(), _write_result_to_superprompt(), _build_decision(), _build_relation_state(), _find_current_activebrief(), and _build_current_prompt_text(), with data/agents/activebrief_relation_classifier/activebrief_relation_classifier_001.json JSONPaths $.llm_config, $.static_prompt, $.dynamic_bindings, $.decision_targets, and $.output_schema loaded by AgentFactory as supporting configuration."
GHOST-PREPROCESS-ACTIVEBRIEF-SNAPSHOT,TRACED,activebrief_relation_classifier.py,ragstream/preprocessing/activebrief_relation_classifier.py,PYTHON,"activebrief_relation_classifier.py owns this relation-classification and routing scope through ActiveBriefRelationClassifier.run(), classify(), _write_result_to_superprompt(), _build_decision(), _build_relation_state(), _find_current_activebrief(), and _build_current_prompt_text(), with data/agents/activebrief_relation_classifier/activebrief_relation_classifier_001.json JSONPaths $.llm_config, $.static_prompt, $.dynamic_bindings, $.decision_targets, and $.output_schema loaded by AgentFactory as supporting configuration."
GHOST-PREPROCESS-NO-ACTIVEBRIEF-BYPASS,TRACED,activebrief_relation_classifier.py,ragstream/preprocessing/activebrief_relation_classifier.py,PYTHON,"activebrief_relation_classifier.py owns this relation-classification and routing scope through ActiveBriefRelationClassifier.run(), classify(), _write_result_to_superprompt(), _build_decision(), _build_relation_state(), _find_current_activebrief(), and _build_current_prompt_text(), with data/agents/activebrief_relation_classifier/activebrief_relation_classifier_001.json JSONPaths $.llm_config, $.static_prompt, $.dynamic_bindings, $.decision_targets, and $.output_schema loaded by AgentFactory as supporting configuration."
GHOST-PREPROCESS-CLASSIFIER-CURRENT-PROMPT,TRACED,activebrief_relation_classifier.py,ragstream/preprocessing/activebrief_relation_classifier.py,PYTHON,"activebrief_relation_classifier.py owns this relation-classification and routing scope through ActiveBriefRelationClassifier.run(), classify(), _write_result_to_superprompt(), _build_decision(), _build_relation_state(), _find_current_activebrief(), and _build_current_prompt_text(), with data/agents/activebrief_relation_classifier/activebrief_relation_classifier_001.json JSONPaths $.llm_config, $.static_prompt, $.dynamic_bindings, $.decision_targets, and $.output_schema loaded by AgentFactory as supporting configuration."
GHOST-PREPROCESS-CLASSIFIER-RAW-FALLBACK,TRACED,activebrief_relation_classifier.py,ragstream/preprocessing/activebrief_relation_classifier.py,PYTHON,"activebrief_relation_classifier.py owns this relation-classification and routing scope through ActiveBriefRelationClassifier.run(), classify(), _write_result_to_superprompt(), _build_decision(), _build_relation_state(), _find_current_activebrief(), and _build_current_prompt_text(), with data/agents/activebrief_relation_classifier/activebrief_relation_classifier_001.json JSONPaths $.llm_config, $.static_prompt, $.dynamic_bindings, $.decision_targets, and $.output_schema loaded by AgentFactory as supporting configuration."
GHOST-PREPROCESS-EMPTY-CURRENT-BYPASS,TRACED,activebrief_relation_classifier.py,ragstream/preprocessing/activebrief_relation_classifier.py,PYTHON,"activebrief_relation_classifier.py owns this relation-classification and routing scope through ActiveBriefRelationClassifier.run(), classify(), _write_result_to_superprompt(), _build_decision(), _build_relation_state(), _find_current_activebrief(), and _build_current_prompt_text(), with data/agents/activebrief_relation_classifier/activebrief_relation_classifier_001.json JSONPaths $.llm_config, $.static_prompt, $.dynamic_bindings, $.decision_targets, and $.output_schema loaded by AgentFactory as supporting configuration."
GHOST-PREPROCESS-ACTIVEBRIEF-OWNERSHIP,TRACED,activebrief_relation_classifier.py,ragstream/preprocessing/activebrief_relation_classifier.py,PYTHON,"activebrief_relation_classifier.py owns this relation-classification and routing scope through ActiveBriefRelationClassifier.run(), classify(), _write_result_to_superprompt(), _build_decision(), _build_relation_state(), _find_current_activebrief(), and _build_current_prompt_text(), with data/agents/activebrief_relation_classifier/activebrief_relation_classifier_001.json JSONPaths $.llm_config, $.static_prompt, $.dynamic_bindings, $.decision_targets, and $.output_schema loaded by AgentFactory as supporting configuration."
GHOST-PREPROCESS-TWO-DIMENSION-CLASSIFICATION,TRACED,activebrief_relation_classifier.py,ragstream/preprocessing/activebrief_relation_classifier.py,PYTHON,"activebrief_relation_classifier.py owns this relation-classification and routing scope through ActiveBriefRelationClassifier.run(), classify(), _write_result_to_superprompt(), _build_decision(), _build_relation_state(), _find_current_activebrief(), and _build_current_prompt_text(), with data/agents/activebrief_relation_classifier/activebrief_relation_classifier_001.json JSONPaths $.llm_config, $.static_prompt, $.dynamic_bindings, $.decision_targets, and $.output_schema loaded by AgentFactory as supporting configuration."
GHOST-PREPROCESS-MATERIALITY-CONTRACT,TRACED,activebrief_relation_classifier.py,ragstream/preprocessing/activebrief_relation_classifier.py,PYTHON,"activebrief_relation_classifier.py owns this relation-classification and routing scope through ActiveBriefRelationClassifier.run(), classify(), _write_result_to_superprompt(), _build_decision(), _build_relation_state(), _find_current_activebrief(), and _build_current_prompt_text(), with data/agents/activebrief_relation_classifier/activebrief_relation_classifier_001.json JSONPaths $.llm_config, $.static_prompt, $.dynamic_bindings, $.decision_targets, and $.output_schema loaded by AgentFactory as supporting configuration."
GHOST-PREPROCESS-RELATION-CONTRACT,TRACED,activebrief_relation_classifier.py,ragstream/preprocessing/activebrief_relation_classifier.py,PYTHON,"activebrief_relation_classifier.py owns this relation-classification and routing scope through ActiveBriefRelationClassifier.run(), classify(), _write_result_to_superprompt(), _build_decision(), _build_relation_state(), _find_current_activebrief(), and _build_current_prompt_text(), with data/agents/activebrief_relation_classifier/activebrief_relation_classifier_001.json JSONPaths $.llm_config, $.static_prompt, $.dynamic_bindings, $.decision_targets, and $.output_schema loaded by AgentFactory as supporting configuration."
GHOST-PREPROCESS-CLASSIFICATION-ORDER,TRACED,activebrief_relation_classifier.py,ragstream/preprocessing/activebrief_relation_classifier.py,PYTHON,"activebrief_relation_classifier.py owns this relation-classification and routing scope through ActiveBriefRelationClassifier.run(), classify(), _write_result_to_superprompt(), _build_decision(), _build_relation_state(), _find_current_activebrief(), and _build_current_prompt_text(), with data/agents/activebrief_relation_classifier/activebrief_relation_classifier_001.json JSONPaths $.llm_config, $.static_prompt, $.dynamic_bindings, $.decision_targets, and $.output_schema loaded by AgentFactory as supporting configuration."
GHOST-PREPROCESS-CLASSIFIER-CONFIG,SYSTEM_WIDE,,,,"The versioned classifier configuration contract spans ragstream/preprocessing/activebrief_relation_classifier.py as the concrete consumer, ragstream/orchestration/agent_factory.py for versioned configuration and catalog resolution, AgentPrompt for configured composition/parsing, and the active classifier JSON as supporting configuration evidence."
GHOST-PREPROCESS-CLASSIFIER-STRUCTURED-OUTPUT,SYSTEM_WIDE,,,,"The exact structured-output contract spans the classifier JSON output schema, AgentPrompt composition and parsing, and ragstream/preprocessing/activebrief_relation_classifier.py validation and deterministic routing use; no one Python file owns the complete contract."
GHOST-PREPROCESS-CLASSIFIER-VALIDATION,TRACED,activebrief_relation_classifier.py,ragstream/preprocessing/activebrief_relation_classifier.py,PYTHON,"activebrief_relation_classifier.py owns this relation-classification and routing scope through ActiveBriefRelationClassifier.run(), classify(), _write_result_to_superprompt(), _build_decision(), _build_relation_state(), _find_current_activebrief(), and _build_current_prompt_text(), with data/agents/activebrief_relation_classifier/activebrief_relation_classifier_001.json JSONPaths $.llm_config, $.static_prompt, $.dynamic_bindings, $.decision_targets, and $.output_schema loaded by AgentFactory as supporting configuration."
GHOST-PREPROCESS-RELATION-STATE,TRACED,activebrief_relation_classifier.py,ragstream/preprocessing/activebrief_relation_classifier.py,PYTHON,"activebrief_relation_classifier.py owns this relation-classification and routing scope through ActiveBriefRelationClassifier.run(), classify(), _write_result_to_superprompt(), _build_decision(), _build_relation_state(), _find_current_activebrief(), and _build_current_prompt_text(), with data/agents/activebrief_relation_classifier/activebrief_relation_classifier_001.json JSONPaths $.llm_config, $.static_prompt, $.dynamic_bindings, $.decision_targets, and $.output_schema loaded by AgentFactory as supporting configuration."
GHOST-PREPROCESS-DECISION-CONTRACT,TRACED,activebrief_relation_classifier.py,ragstream/preprocessing/activebrief_relation_classifier.py,PYTHON,"activebrief_relation_classifier.py owns this relation-classification and routing scope through ActiveBriefRelationClassifier.run(), classify(), _write_result_to_superprompt(), _build_decision(), _build_relation_state(), _find_current_activebrief(), and _build_current_prompt_text(), with data/agents/activebrief_relation_classifier/activebrief_relation_classifier_001.json JSONPaths $.llm_config, $.static_prompt, $.dynamic_bindings, $.decision_targets, and $.output_schema loaded by AgentFactory as supporting configuration."
GHOST-PREPROCESS-STATE-NO-ACTIVEBRIEF,TRACED,activebrief_relation_classifier.py,ragstream/preprocessing/activebrief_relation_classifier.py,PYTHON,"activebrief_relation_classifier.py owns this relation-classification and routing scope through ActiveBriefRelationClassifier.run(), classify(), _write_result_to_superprompt(), _build_decision(), _build_relation_state(), _find_current_activebrief(), and _build_current_prompt_text(), with data/agents/activebrief_relation_classifier/activebrief_relation_classifier_001.json JSONPaths $.llm_config, $.static_prompt, $.dynamic_bindings, $.decision_targets, and $.output_schema loaded by AgentFactory as supporting configuration."
GHOST-PREPROCESS-STATE-STRONG-SAME,TRACED,activebrief_relation_classifier.py,ragstream/preprocessing/activebrief_relation_classifier.py,PYTHON,"activebrief_relation_classifier.py owns this relation-classification and routing scope through ActiveBriefRelationClassifier.run(), classify(), _write_result_to_superprompt(), _build_decision(), _build_relation_state(), _find_current_activebrief(), and _build_current_prompt_text(), with data/agents/activebrief_relation_classifier/activebrief_relation_classifier_001.json JSONPaths $.llm_config, $.static_prompt, $.dynamic_bindings, $.decision_targets, and $.output_schema loaded by AgentFactory as supporting configuration."
GHOST-PREPROCESS-STATE-WEAK-SAME,TRACED,activebrief_relation_classifier.py,ragstream/preprocessing/activebrief_relation_classifier.py,PYTHON,"activebrief_relation_classifier.py owns this relation-classification and routing scope through ActiveBriefRelationClassifier.run(), classify(), _write_result_to_superprompt(), _build_decision(), _build_relation_state(), _find_current_activebrief(), and _build_current_prompt_text(), with data/agents/activebrief_relation_classifier/activebrief_relation_classifier_001.json JSONPaths $.llm_config, $.static_prompt, $.dynamic_bindings, $.decision_targets, and $.output_schema loaded by AgentFactory as supporting configuration."
GHOST-PREPROCESS-STATE-STRONG-RELATED,TRACED,activebrief_relation_classifier.py,ragstream/preprocessing/activebrief_relation_classifier.py,PYTHON,"activebrief_relation_classifier.py owns this relation-classification and routing scope through ActiveBriefRelationClassifier.run(), classify(), _write_result_to_superprompt(), _build_decision(), _build_relation_state(), _find_current_activebrief(), and _build_current_prompt_text(), with data/agents/activebrief_relation_classifier/activebrief_relation_classifier_001.json JSONPaths $.llm_config, $.static_prompt, $.dynamic_bindings, $.decision_targets, and $.output_schema loaded by AgentFactory as supporting configuration."
GHOST-PREPROCESS-STATE-WEAK-RELATED,TRACED,activebrief_relation_classifier.py,ragstream/preprocessing/activebrief_relation_classifier.py,PYTHON,"activebrief_relation_classifier.py owns this relation-classification and routing scope through ActiveBriefRelationClassifier.run(), classify(), _write_result_to_superprompt(), _build_decision(), _build_relation_state(), _find_current_activebrief(), and _build_current_prompt_text(), with data/agents/activebrief_relation_classifier/activebrief_relation_classifier_001.json JSONPaths $.llm_config, $.static_prompt, $.dynamic_bindings, $.decision_targets, and $.output_schema loaded by AgentFactory as supporting configuration."
GHOST-PREPROCESS-STATE-STRONG-IRRELEVANT,TRACED,activebrief_relation_classifier.py,ragstream/preprocessing/activebrief_relation_classifier.py,PYTHON,"activebrief_relation_classifier.py owns this relation-classification and routing scope through ActiveBriefRelationClassifier.run(), classify(), _write_result_to_superprompt(), _build_decision(), _build_relation_state(), _find_current_activebrief(), and _build_current_prompt_text(), with data/agents/activebrief_relation_classifier/activebrief_relation_classifier_001.json JSONPaths $.llm_config, $.static_prompt, $.dynamic_bindings, $.decision_targets, and $.output_schema loaded by AgentFactory as supporting configuration."
GHOST-PREPROCESS-STATE-WEAK-IRRELEVANT,TRACED,activebrief_relation_classifier.py,ragstream/preprocessing/activebrief_relation_classifier.py,PYTHON,"activebrief_relation_classifier.py owns this relation-classification and routing scope through ActiveBriefRelationClassifier.run(), classify(), _write_result_to_superprompt(), _build_decision(), _build_relation_state(), _find_current_activebrief(), and _build_current_prompt_text(), with data/agents/activebrief_relation_classifier/activebrief_relation_classifier_001.json JSONPaths $.llm_config, $.static_prompt, $.dynamic_bindings, $.decision_targets, and $.output_schema loaded by AgentFactory as supporting configuration."
GHOST-PREPROCESS-FINAL-MODE-AUTHORITY,IMPLEMENTATION_PENDING,,,,"The classifier stores activebrief_relation_decision.final_prompt_mode, but SuperPromptProjector independently derives ActiveBrief visibility from materiality and topic relation instead of treating the stored final mode as authoritative."
GHOST-PREPROCESS-MEMORY-POLICY-AUTHORITY,SYSTEM_WIDE,,,,"This UID spans multiple independent implementation areas rather than one owner: ragstream/app/controller.py, ragstream/preprocessing/preprocessing.py, ragstream/preprocessing/activebrief_relation_classifier.py, ragstream/agents/a2_promptshaper.py, ragstream/orchestration/superprompt_projector.py, ragstream/orchestration/super_prompt.py, and Agent Stack JSON loading via ragstream/orchestration/agent_factory.py; no single Python file owns the complete prompt-preparation scope."
GHOST-PREPROCESS-ROUTING-EXTRAS,TRACED,activebrief_relation_classifier.py,ragstream/preprocessing/activebrief_relation_classifier.py,PYTHON,"activebrief_relation_classifier.py owns this relation-classification and routing scope through ActiveBriefRelationClassifier.run(), classify(), _write_result_to_superprompt(), _build_decision(), _build_relation_state(), _find_current_activebrief(), and _build_current_prompt_text(), with data/agents/activebrief_relation_classifier/activebrief_relation_classifier_001.json JSONPaths $.llm_config, $.static_prompt, $.dynamic_bindings, $.decision_targets, and $.output_schema loaded by AgentFactory as supporting configuration."
GHOST-PREPROCESS-ROUTING-LOG,TRACED,activebrief_relation_classifier.py,ragstream/preprocessing/activebrief_relation_classifier.py,PYTHON,"activebrief_relation_classifier.py owns this relation-classification and routing scope through ActiveBriefRelationClassifier.run(), classify(), _write_result_to_superprompt(), _build_decision(), _build_relation_state(), _find_current_activebrief(), and _build_current_prompt_text(), with data/agents/activebrief_relation_classifier/activebrief_relation_classifier_001.json JSONPaths $.llm_config, $.static_prompt, $.dynamic_bindings, $.decision_targets, and $.output_schema loaded by AgentFactory as supporting configuration."
GHOST-PREPROCESS-A2-INPUT-STATE,SYSTEM_WIDE,,,,"This UID spans multiple independent implementation areas rather than one owner: ragstream/app/controller.py, ragstream/preprocessing/preprocessing.py, ragstream/preprocessing/activebrief_relation_classifier.py, ragstream/agents/a2_promptshaper.py, ragstream/orchestration/superprompt_projector.py, ragstream/orchestration/super_prompt.py, and Agent Stack JSON loading via ragstream/orchestration/agent_factory.py; no single Python file owns the complete prompt-preparation scope."
GHOST-PREPROCESS-A2-CONFIG,SYSTEM_WIDE,,,,"The versioned A2 configuration contract spans ragstream/agents/a2_promptshaper.py as the concrete consumer, ragstream/orchestration/agent_factory.py for configuration/catalog resolution, AgentPrompt for configured prompt and result contracts, and the A2 JSON/catalog files as supporting evidence."
GHOST-PREPROCESS-A2-TARGETS,TRACED,a2_promptshaper.py,ragstream/agents/a2_promptshaper.py,PYTHON,"a2_promptshaper.py owns this A2 PromptShaper scope through A2PromptShaper.run(), _build_default_selector_result(), _sanitize_selector_result(), _build_prompt_under_evaluation(), _build_result_key_map(), and _build_required_output_text(), with data/agents/a2_promptshaper/003.json JSONPaths $.llm_config, $.static_prompt, $.dynamic_bindings, $.decision_targets, $.output_schema and catalog refs to a2_catalogs/*.json loaded by AgentFactory as supporting configuration."
GHOST-PREPROCESS-A2-PAYLOAD,TRACED,a2_promptshaper.py,ragstream/agents/a2_promptshaper.py,PYTHON,"a2_promptshaper.py owns this A2 PromptShaper scope through A2PromptShaper.run(), _build_default_selector_result(), _sanitize_selector_result(), _build_prompt_under_evaluation(), _build_result_key_map(), and _build_required_output_text(), with data/agents/a2_promptshaper/003.json JSONPaths $.llm_config, $.static_prompt, $.dynamic_bindings, $.decision_targets, $.output_schema and catalog refs to a2_catalogs/*.json loaded by AgentFactory as supporting configuration."
GHOST-PREPROCESS-A2-LLM-MODE,SYSTEM_WIDE,,,,"A2 LLM mode spans ragstream/agents/a2_promptshaper.py for workflow and sanitization, AgentFactory for configured AgentPrompt retrieval, AgentPrompt for message composition and result parsing, and LLMClient for provider invocation; no single Python file owns all required steps."
GHOST-PREPROCESS-A2-DEFAULT-MODE,TRACED,a2_promptshaper.py,ragstream/agents/a2_promptshaper.py,PYTHON,"a2_promptshaper.py owns this A2 PromptShaper scope through A2PromptShaper.run(), _build_default_selector_result(), _sanitize_selector_result(), _build_prompt_under_evaluation(), _build_result_key_map(), and _build_required_output_text(), with data/agents/a2_promptshaper/003.json JSONPaths $.llm_config, $.static_prompt, $.dynamic_bindings, $.decision_targets, $.output_schema and catalog refs to a2_catalogs/*.json loaded by AgentFactory as supporting configuration."
GHOST-PREPROCESS-A2-MODEL-SETTINGS,SYSTEM_WIDE,,,,"Configured A2 model-setting behavior spans AgentPrompt construction, which exposes model name, temperature, and token allowance; ragstream/agents/a2_promptshaper.py, which passes those values; and LLMClient, which applies them to the provider request."
GHOST-PREPROCESS-A2-STRUCTURED-OUTPUT,SYSTEM_WIDE,,,,"A2 structured-output handling spans AgentPrompt for JSON-oriented request composition and configured parsing, and ragstream/agents/a2_promptshaper.py for deterministic sanitization and controlled SuperPrompt write-back."
GHOST-PREPROCESS-A2-INVALID-REMOVAL,TRACED,a2_promptshaper.py,ragstream/agents/a2_promptshaper.py,PYTHON,"a2_promptshaper.py owns this A2 PromptShaper scope through A2PromptShaper.run(), _build_default_selector_result(), _sanitize_selector_result(), _build_prompt_under_evaluation(), _build_result_key_map(), and _build_required_output_text(), with data/agents/a2_promptshaper/003.json JSONPaths $.llm_config, $.static_prompt, $.dynamic_bindings, $.decision_targets, $.output_schema and catalog refs to a2_catalogs/*.json loaded by AgentFactory as supporting configuration."
GHOST-PREPROCESS-A2-DUPLICATE-REMOVAL,TRACED,a2_promptshaper.py,ragstream/agents/a2_promptshaper.py,PYTHON,"a2_promptshaper.py owns this A2 PromptShaper scope through A2PromptShaper.run(), _build_default_selector_result(), _sanitize_selector_result(), _build_prompt_under_evaluation(), _build_result_key_map(), and _build_required_output_text(), with data/agents/a2_promptshaper/003.json JSONPaths $.llm_config, $.static_prompt, $.dynamic_bindings, $.decision_targets, $.output_schema and catalog refs to a2_catalogs/*.json loaded by AgentFactory as supporting configuration."
GHOST-PREPROCESS-A2-CARDINALITY,TRACED,a2_promptshaper.py,ragstream/agents/a2_promptshaper.py,PYTHON,"a2_promptshaper.py owns this A2 PromptShaper scope through A2PromptShaper.run(), _build_default_selector_result(), _sanitize_selector_result(), _build_prompt_under_evaluation(), _build_result_key_map(), and _build_required_output_text(), with data/agents/a2_promptshaper/003.json JSONPaths $.llm_config, $.static_prompt, $.dynamic_bindings, $.decision_targets, $.output_schema and catalog refs to a2_catalogs/*.json loaded by AgentFactory as supporting configuration."
GHOST-PREPROCESS-A2-EMPTY-PRESERVE,TRACED,a2_promptshaper.py,ragstream/agents/a2_promptshaper.py,PYTHON,"a2_promptshaper.py owns this A2 PromptShaper scope through A2PromptShaper.run(), _build_default_selector_result(), _sanitize_selector_result(), _build_prompt_under_evaluation(), _build_result_key_map(), and _build_required_output_text(), with data/agents/a2_promptshaper/003.json JSONPaths $.llm_config, $.static_prompt, $.dynamic_bindings, $.decision_targets, $.output_schema and catalog refs to a2_catalogs/*.json loaded by AgentFactory as supporting configuration."
GHOST-PREPROCESS-A2-ID-LABEL-SEPARATION,TRACED,a2_promptshaper.py,ragstream/agents/a2_promptshaper.py,PYTHON,"a2_promptshaper.py owns this A2 PromptShaper scope through A2PromptShaper.run(), _build_default_selector_result(), _sanitize_selector_result(), _build_prompt_under_evaluation(), _build_result_key_map(), and _build_required_output_text(), with data/agents/a2_promptshaper/003.json JSONPaths $.llm_config, $.static_prompt, $.dynamic_bindings, $.decision_targets, $.output_schema and catalog refs to a2_catalogs/*.json loaded by AgentFactory as supporting configuration."
GHOST-PREPROCESS-A2-EXTRAS,TRACED,a2_promptshaper.py,ragstream/agents/a2_promptshaper.py,PYTHON,"a2_promptshaper.py owns this A2 PromptShaper scope through A2PromptShaper.run(), _build_default_selector_result(), _sanitize_selector_result(), _build_prompt_under_evaluation(), _build_result_key_map(), and _build_required_output_text(), with data/agents/a2_promptshaper/003.json JSONPaths $.llm_config, $.static_prompt, $.dynamic_bindings, $.decision_targets, $.output_schema and catalog refs to a2_catalogs/*.json loaded by AgentFactory as supporting configuration."
GHOST-PREPROCESS-A2-BODY-WRITEBACK,TRACED,a2_promptshaper.py,ragstream/agents/a2_promptshaper.py,PYTHON,"a2_promptshaper.py owns this A2 PromptShaper scope through A2PromptShaper.run(), _build_default_selector_result(), _sanitize_selector_result(), _build_prompt_under_evaluation(), _build_result_key_map(), and _build_required_output_text(), with data/agents/a2_promptshaper/003.json JSONPaths $.llm_config, $.static_prompt, $.dynamic_bindings, $.decision_targets, $.output_schema and catalog refs to a2_catalogs/*.json loaded by AgentFactory as supporting configuration."
GHOST-PREPROCESS-A2-STAGE,TRACED,a2_promptshaper.py,ragstream/agents/a2_promptshaper.py,PYTHON,"a2_promptshaper.py owns this A2 PromptShaper scope through A2PromptShaper.run(), _build_default_selector_result(), _sanitize_selector_result(), _build_prompt_under_evaluation(), _build_result_key_map(), and _build_required_output_text(), with data/agents/a2_promptshaper/003.json JSONPaths $.llm_config, $.static_prompt, $.dynamic_bindings, $.decision_targets, $.output_schema and catalog refs to a2_catalogs/*.json loaded by AgentFactory as supporting configuration."
GHOST-PREPROCESS-A2-HISTORY,TRACED,a2_promptshaper.py,ragstream/agents/a2_promptshaper.py,PYTHON,"a2_promptshaper.py owns this A2 PromptShaper scope through A2PromptShaper.run(), _build_default_selector_result(), _sanitize_selector_result(), _build_prompt_under_evaluation(), _build_result_key_map(), and _build_required_output_text(), with data/agents/a2_promptshaper/003.json JSONPaths $.llm_config, $.static_prompt, $.dynamic_bindings, $.decision_targets, $.output_schema and catalog refs to a2_catalogs/*.json loaded by AgentFactory as supporting configuration."
GHOST-PREPROCESS-A2-PROJECTION,SYSTEM_WIDE,,,,"A2 prompt projection spans ragstream/agents/a2_promptshaper.py for completing A2 write-back and requesting recomposition, SuperPrompt for the composition wrapper, and SuperPromptProjector for rendering selected labels and evidence-policy content into prompt_ready."
GHOST-PREPROCESS-A2-NO-RETRIEVAL-MUTATION,TRACED,a2_promptshaper.py,ragstream/agents/a2_promptshaper.py,PYTHON,"a2_promptshaper.py owns this A2 PromptShaper scope through A2PromptShaper.run(), _build_default_selector_result(), _sanitize_selector_result(), _build_prompt_under_evaluation(), _build_result_key_map(), and _build_required_output_text(), with data/agents/a2_promptshaper/003.json JSONPaths $.llm_config, $.static_prompt, $.dynamic_bindings, $.decision_targets, $.output_schema and catalog refs to a2_catalogs/*.json loaded by AgentFactory as supporting configuration."
GHOST-PREPROCESS-A2-RERUN,TRACED,a2_promptshaper.py,ragstream/agents/a2_promptshaper.py,PYTHON,"a2_promptshaper.py owns this A2 PromptShaper scope through A2PromptShaper.run(), _build_default_selector_result(), _sanitize_selector_result(), _build_prompt_under_evaluation(), _build_result_key_map(), and _build_required_output_text(), with data/agents/a2_promptshaper/003.json JSONPaths $.llm_config, $.static_prompt, $.dynamic_bindings, $.decision_targets, $.output_schema and catalog refs to a2_catalogs/*.json loaded by AgentFactory as supporting configuration."
GHOST-PREPROCESS-QUERY-FINALIZATION,IMPLEMENTATION_PENDING,,,,"SuperPromptProjector contains routing-aware query construction, but the controller does not rebuild effective_retrieval_query_text after ActiveBrief relation classification writes the final routing state, so the handoff can retain the stale pre-classification query."
GHOST-PREPROCESS-QUERY-SOURCE,TRACED,superprompt_projector.py,ragstream/orchestration/superprompt_projector.py,PYTHON,"superprompt_projector.py owns this projection scope through SuperPromptProjector.build_query_text(), compose_prompt_ready(), _render_prompt_md(), _render_system_md(), and _render_retrieved_context_md(), deriving effective query and preview from SuperPrompt body/extras."
GHOST-PREPROCESS-QUERY-ACTIVEBRIEF,IMPLEMENTATION_PENDING,,,,"The projector contains ActiveBrief-aware query branches, but the complete preprocessing path does not invoke the routing-aware query builder after classifier extras become available; ActiveBrief contribution can therefore be missing from the stored effective query."
GHOST-PREPROCESS-KNOWLEDGE-HANDOFF,IMPLEMENTATION_PENDING,,,,The complete requirement is not currently implemented because final routing-aware query reconstruction and/or required schema-to-runtime field mapping remains incomplete at the downstream handoff boundary.
GHOST-PREPROCESS-MEMORY-HANDOFF,SYSTEM_WIDE,,,,"This UID spans multiple independent implementation areas rather than one owner: ragstream/app/controller.py, ragstream/preprocessing/preprocessing.py, ragstream/preprocessing/activebrief_relation_classifier.py, ragstream/agents/a2_promptshaper.py, ragstream/orchestration/superprompt_projector.py, ragstream/orchestration/super_prompt.py, and Agent Stack JSON loading via ragstream/orchestration/agent_factory.py; no single Python file owns the complete prompt-preparation scope."
GHOST-PREPROCESS-EMPTY-QUERY-SIGNAL,IMPLEMENTATION_PENDING,,,,"The projector can represent an empty routing result, but downstream orchestration does not yet completely treat it as an early document-retrieval suppression signal."
GHOST-PREPROCESS-HANDOFF-CONSISTENCY,IMPLEMENTATION_PENDING,,,,The complete requirement is not currently implemented because final routing-aware query reconstruction and/or required schema-to-runtime field mapping remains incomplete at the downstream handoff boundary.
GHOST-PREPROCESS-NO-KNOWLEDGE-EXECUTION,SYSTEM_WIDE,,,,"This UID spans multiple independent implementation areas rather than one owner: ragstream/app/controller.py, ragstream/preprocessing/preprocessing.py, ragstream/preprocessing/activebrief_relation_classifier.py, ragstream/agents/a2_promptshaper.py, ragstream/orchestration/superprompt_projector.py, ragstream/orchestration/super_prompt.py, and Agent Stack JSON loading via ragstream/orchestration/agent_factory.py; no single Python file owns the complete prompt-preparation scope."
GHOST-PREPROCESS-NO-MEMORY-EXECUTION,SYSTEM_WIDE,,,,"This UID spans multiple independent implementation areas rather than one owner: ragstream/app/controller.py, ragstream/preprocessing/preprocessing.py, ragstream/preprocessing/activebrief_relation_classifier.py, ragstream/agents/a2_promptshaper.py, ragstream/orchestration/superprompt_projector.py, ragstream/orchestration/super_prompt.py, and Agent Stack JSON loading via ragstream/orchestration/agent_factory.py; no single Python file owns the complete prompt-preparation scope."
GHOST-PREPROCESS-CURRENT-REQUEST-PRIORITY,TRACED,superprompt_projector.py,ragstream/orchestration/superprompt_projector.py,PYTHON,"superprompt_projector.py owns this projection scope through SuperPromptProjector.build_query_text(), compose_prompt_ready(), _render_prompt_md(), _render_system_md(), and _render_retrieved_context_md(), deriving effective query and preview from SuperPrompt body/extras."
GHOST-PREPROCESS-SCHEMA-ERROR,TRACED,prompt_schema.py,ragstream/preprocessing/prompt_schema.py,PYTHON,"prompt_schema.py owns this schema contract through PromptSchema.__init__(), _load(), normalize_key(), default_for(), and must, loading ragstream/config/prompt_schema.json JSONPaths $.version, $.canonical_keys, $.must_keys, $.defaults, $.aliases, and $.bilingual before deterministic users consume them."
GHOST-PREPROCESS-CLASSIFIER-ERROR,TRACED,activebrief_relation_classifier.py,ragstream/preprocessing/activebrief_relation_classifier.py,PYTHON,"activebrief_relation_classifier.py owns this relation-classification and routing scope through ActiveBriefRelationClassifier.run(), classify(), _write_result_to_superprompt(), _build_decision(), _build_relation_state(), _find_current_activebrief(), and _build_current_prompt_text(), with data/agents/activebrief_relation_classifier/activebrief_relation_classifier_001.json JSONPaths $.llm_config, $.static_prompt, $.dynamic_bindings, $.decision_targets, and $.output_schema loaded by AgentFactory as supporting configuration."
GHOST-PREPROCESS-A2-ERROR,TRACED,a2_promptshaper.py,ragstream/agents/a2_promptshaper.py,PYTHON,"a2_promptshaper.py owns this A2 PromptShaper scope through A2PromptShaper.run(), _build_default_selector_result(), _sanitize_selector_result(), _build_prompt_under_evaluation(), _build_result_key_map(), and _build_required_output_text(), with data/agents/a2_promptshaper/003.json JSONPaths $.llm_config, $.static_prompt, $.dynamic_bindings, $.decision_targets, $.output_schema and catalog refs to a2_catalogs/*.json loaded by AgentFactory as supporting configuration."
GHOST-PREPROCESS-NO-UNNECESSARY-CLASSIFIER-CALL,TRACED,activebrief_relation_classifier.py,ragstream/preprocessing/activebrief_relation_classifier.py,PYTHON,"activebrief_relation_classifier.py owns this relation-classification and routing scope through ActiveBriefRelationClassifier.run(), classify(), _write_result_to_superprompt(), _build_decision(), _build_relation_state(), _find_current_activebrief(), and _build_current_prompt_text(), with data/agents/activebrief_relation_classifier/activebrief_relation_classifier_001.json JSONPaths $.llm_config, $.static_prompt, $.dynamic_bindings, $.decision_targets, and $.output_schema loaded by AgentFactory as supporting configuration."
GHOST-PREPROCESS-LOGGING-BOUNDARY,SYSTEM_WIDE,,,,"This UID spans multiple independent implementation areas rather than one owner: ragstream/app/controller.py, ragstream/preprocessing/preprocessing.py, ragstream/preprocessing/activebrief_relation_classifier.py, ragstream/agents/a2_promptshaper.py, ragstream/orchestration/superprompt_projector.py, ragstream/orchestration/super_prompt.py, and Agent Stack JSON loading via ragstream/orchestration/agent_factory.py; no single Python file owns the complete prompt-preparation scope."
GHOST-PREPROCESS-DETERMINISTIC-REPRODUCIBILITY,SYSTEM_WIDE,,,,"This UID spans multiple independent implementation areas rather than one owner: ragstream/app/controller.py, ragstream/preprocessing/preprocessing.py, ragstream/preprocessing/activebrief_relation_classifier.py, ragstream/agents/a2_promptshaper.py, ragstream/orchestration/superprompt_projector.py, ragstream/orchestration/super_prompt.py, and Agent Stack JSON loading via ragstream/orchestration/agent_factory.py; no single Python file owns the complete prompt-preparation scope."
GHOST-PREPROCESS-TESTABILITY,SYSTEM_WIDE,,,,"This UID spans multiple independent implementation areas rather than one owner: ragstream/app/controller.py, ragstream/preprocessing/preprocessing.py, ragstream/preprocessing/activebrief_relation_classifier.py, ragstream/agents/a2_promptshaper.py, ragstream/orchestration/superprompt_projector.py, ragstream/orchestration/super_prompt.py, and Agent Stack JSON loading via ragstream/orchestration/agent_factory.py; no single Python file owns the complete prompt-preparation scope."
GHOST-PREPROCESS-NO-HIDDEN-HEURISTICS,SYSTEM_WIDE,,,,"This UID spans multiple independent implementation areas rather than one owner: ragstream/app/controller.py, ragstream/preprocessing/preprocessing.py, ragstream/preprocessing/activebrief_relation_classifier.py, ragstream/agents/a2_promptshaper.py, ragstream/orchestration/superprompt_projector.py, ragstream/orchestration/super_prompt.py, and Agent Stack JSON loading via ragstream/orchestration/agent_factory.py; no single Python file owns the complete prompt-preparation scope."
GHOST-PREPROCESS-CODE-TRACE-ANCHORS,SYSTEM_WIDE,,,,"This UID spans multiple independent implementation areas rather than one owner: ragstream/app/controller.py, ragstream/preprocessing/preprocessing.py, ragstream/preprocessing/activebrief_relation_classifier.py, ragstream/agents/a2_promptshaper.py, ragstream/orchestration/superprompt_projector.py, ragstream/orchestration/super_prompt.py, and Agent Stack JSON loading via ragstream/orchestration/agent_factory.py; no single Python file owns the complete prompt-preparation scope."
GHOST-PREPROCESS-SIBLING-OWNERSHIP,SYSTEM_WIDE,,,,"This UID spans multiple independent implementation areas rather than one owner: ragstream/app/controller.py, ragstream/preprocessing/preprocessing.py, ragstream/preprocessing/activebrief_relation_classifier.py, ragstream/agents/a2_promptshaper.py, ragstream/orchestration/superprompt_projector.py, ragstream/orchestration/super_prompt.py, and Agent Stack JSON loading via ragstream/orchestration/agent_factory.py; no single Python file owns the complete prompt-preparation scope."
GHOST-PREPROCESS-CHANGE-SYNCHRONIZATION,SYSTEM_WIDE,,,,"This UID spans multiple independent implementation areas rather than one owner: ragstream/app/controller.py, ragstream/preprocessing/preprocessing.py, ragstream/preprocessing/activebrief_relation_classifier.py, ragstream/agents/a2_promptshaper.py, ragstream/orchestration/superprompt_projector.py, ragstream/orchestration/super_prompt.py, and Agent Stack JSON loading via ragstream/orchestration/agent_factory.py; no single Python file owns the complete prompt-preparation scope."
GHOST-PREPROCESS-CURRENT-FUTURE-BOUNDARY,IMPLEMENTATION_PENDING,,,,"Current baseline explicitly reserves future fuzzy/edit-distance header matching, semantic/LLM header recovery, template or keyword-cue inference, automatic multi-pass A2 refinement, new prompt fields, new relation labels, and retrieval or memory algorithms inside preprocessing; those remain absent/postponed until code and tests exist."
GHOST-PREPROCESS-AC-WHITESPACE,TRACED,controller.py,ragstream/app/controller.py,PYTHON,"controller.py owns the whitespace boundary through AppController.preprocess(), which trims user_text and returns the supplied SuperPrompt immediately when the trimmed text is empty, before invoking any downstream prompt-preparation step."
GHOST-PREPROCESS-AC-PLAIN-TASK,TRACED,preprocessing.py,ragstream/preprocessing/preprocessing.py,PYTHON,"preprocessing.py owns this deterministic preprocessing scope through preprocess(), _parse_markdown_sections(), _update_effective_retrieval_query_text(), and _compose_prompt_ready(), using PromptSchema/NameMatcher and JSON ragstream/config/prompt_schema.json paths $.canonical_keys, $.must_keys, $.defaults, $.aliases, and $.bilingual only as subordinate inputs."
GHOST-PREPROCESS-AC-CANONICAL-HEADER,TRACED,preprocessing.py,ragstream/preprocessing/preprocessing.py,PYTHON,"preprocessing.py owns this deterministic preprocessing scope through preprocess(), _parse_markdown_sections(), _update_effective_retrieval_query_text(), and _compose_prompt_ready(), using PromptSchema/NameMatcher and JSON ragstream/config/prompt_schema.json paths $.canonical_keys, $.must_keys, $.defaults, $.aliases, and $.bilingual only as subordinate inputs."
GHOST-PREPROCESS-AC-ALIAS-HEADER,TRACED,preprocessing.py,ragstream/preprocessing/preprocessing.py,PYTHON,"preprocessing.py owns this deterministic preprocessing scope through preprocess(), _parse_markdown_sections(), _update_effective_retrieval_query_text(), and _compose_prompt_ready(), using PromptSchema/NameMatcher and JSON ragstream/config/prompt_schema.json paths $.canonical_keys, $.must_keys, $.defaults, $.aliases, and $.bilingual only as subordinate inputs."
GHOST-PREPROCESS-AC-BILINGUAL-HEADER,TRACED,preprocessing.py,ragstream/preprocessing/preprocessing.py,PYTHON,"preprocessing.py owns this deterministic preprocessing scope through preprocess(), _parse_markdown_sections(), _update_effective_retrieval_query_text(), and _compose_prompt_ready(), using PromptSchema/NameMatcher and JSON ragstream/config/prompt_schema.json paths $.canonical_keys, $.must_keys, $.defaults, $.aliases, and $.bilingual only as subordinate inputs."
GHOST-PREPROCESS-AC-NORMALIZATION,TRACED,prompt_schema.py,ragstream/preprocessing/prompt_schema.py,PYTHON,"prompt_schema.py owns the normalization acceptance behavior through PromptSchema.normalize_key(), which applies the required normalization sequence consistently before canonical, alias, and bilingual matching."
GHOST-PREPROCESS-AC-LAST-WINS,TRACED,preprocessing.py,ragstream/preprocessing/preprocessing.py,PYTHON,"preprocessing.py owns this deterministic preprocessing scope through preprocess(), _parse_markdown_sections(), _update_effective_retrieval_query_text(), and _compose_prompt_ready(), using PromptSchema/NameMatcher and JSON ragstream/config/prompt_schema.json paths $.canonical_keys, $.must_keys, $.defaults, $.aliases, and $.bilingual only as subordinate inputs."
GHOST-PREPROCESS-AC-CONTEXT-FALLBACK,TRACED,preprocessing.py,ragstream/preprocessing/preprocessing.py,PYTHON,"preprocessing.py owns this deterministic preprocessing scope through preprocess(), _parse_markdown_sections(), _update_effective_retrieval_query_text(), and _compose_prompt_ready(), using PromptSchema/NameMatcher and JSON ragstream/config/prompt_schema.json paths $.canonical_keys, $.must_keys, $.defaults, $.aliases, and $.bilingual only as subordinate inputs."
GHOST-PREPROCESS-AC-RAW-FALLBACK,TRACED,preprocessing.py,ragstream/preprocessing/preprocessing.py,PYTHON,"preprocessing.py owns this deterministic preprocessing scope through preprocess(), _parse_markdown_sections(), _update_effective_retrieval_query_text(), and _compose_prompt_ready(), using PromptSchema/NameMatcher and JSON ragstream/config/prompt_schema.json paths $.canonical_keys, $.must_keys, $.defaults, $.aliases, and $.bilingual only as subordinate inputs."
GHOST-PREPROCESS-AC-UNKNOWN-HEADER,TRACED,preprocessing.py,ragstream/preprocessing/preprocessing.py,PYTHON,"preprocessing.py owns this deterministic preprocessing scope through preprocess(), _parse_markdown_sections(), _update_effective_retrieval_query_text(), and _compose_prompt_ready(), using PromptSchema/NameMatcher and JSON ragstream/config/prompt_schema.json paths $.canonical_keys, $.must_keys, $.defaults, $.aliases, and $.bilingual only as subordinate inputs."
GHOST-PREPROCESS-AC-SCHEMA-RUNTIME-MAP,IMPLEMENTATION_PENDING,,,,"The acceptance criterion currently fails: response_depth and output_format are not routed to depth and format, while mandatory schema fields without runtime destinations remain active and can be reported as defaulted without reaching SuperPrompt."
GHOST-PREPROCESS-AC-NO-ACTIVEBRIEF,TRACED,activebrief_relation_classifier.py,ragstream/preprocessing/activebrief_relation_classifier.py,PYTHON,"activebrief_relation_classifier.py owns this relation-classification and routing scope through ActiveBriefRelationClassifier.run(), classify(), _write_result_to_superprompt(), _build_decision(), _build_relation_state(), _find_current_activebrief(), and _build_current_prompt_text(), with data/agents/activebrief_relation_classifier/activebrief_relation_classifier_001.json JSONPaths $.llm_config, $.static_prompt, $.dynamic_bindings, $.decision_targets, and $.output_schema loaded by AgentFactory as supporting configuration."
GHOST-PREPROCESS-AC-EMPTY-CURRENT,TRACED,activebrief_relation_classifier.py,ragstream/preprocessing/activebrief_relation_classifier.py,PYTHON,"activebrief_relation_classifier.py owns this relation-classification and routing scope through ActiveBriefRelationClassifier.run(), classify(), _write_result_to_superprompt(), _build_decision(), _build_relation_state(), _find_current_activebrief(), and _build_current_prompt_text(), with data/agents/activebrief_relation_classifier/activebrief_relation_classifier_001.json JSONPaths $.llm_config, $.static_prompt, $.dynamic_bindings, $.decision_targets, and $.output_schema loaded by AgentFactory as supporting configuration."
GHOST-PREPROCESS-AC-CLASSIFIER-VALUES,TRACED,activebrief_relation_classifier.py,ragstream/preprocessing/activebrief_relation_classifier.py,PYTHON,"activebrief_relation_classifier.py owns this relation-classification and routing scope through ActiveBriefRelationClassifier.run(), classify(), _write_result_to_superprompt(), _build_decision(), _build_relation_state(), _find_current_activebrief(), and _build_current_prompt_text(), with data/agents/activebrief_relation_classifier/activebrief_relation_classifier_001.json JSONPaths $.llm_config, $.static_prompt, $.dynamic_bindings, $.decision_targets, and $.output_schema loaded by AgentFactory as supporting configuration."
GHOST-PREPROCESS-AC-SIX-STATE-MATRIX,TRACED,activebrief_relation_classifier.py,ragstream/preprocessing/activebrief_relation_classifier.py,PYTHON,"activebrief_relation_classifier.py owns this relation-classification and routing scope through ActiveBriefRelationClassifier.run(), classify(), _write_result_to_superprompt(), _build_decision(), _build_relation_state(), _find_current_activebrief(), and _build_current_prompt_text(), with data/agents/activebrief_relation_classifier/activebrief_relation_classifier_001.json JSONPaths $.llm_config, $.static_prompt, $.dynamic_bindings, $.decision_targets, and $.output_schema loaded by AgentFactory as supporting configuration."
GHOST-PREPROCESS-AC-WEAK-SAME-QUERY,IMPLEMENTATION_PENDING,,,,The complete requirement is not currently implemented because final routing-aware query reconstruction and/or required schema-to-runtime field mapping remains incomplete at the downstream handoff boundary.
GHOST-PREPROCESS-AC-WEAK-RELATED-QUERY,IMPLEMENTATION_PENDING,,,,The complete requirement is not currently implemented because final routing-aware query reconstruction and/or required schema-to-runtime field mapping remains incomplete at the downstream handoff boundary.
GHOST-PREPROCESS-AC-WEAK-IRRELEVANT-QUERY,IMPLEMENTATION_PENDING,,,,The complete requirement is not currently implemented because final routing-aware query reconstruction and/or required schema-to-runtime field mapping remains incomplete at the downstream handoff boundary.
GHOST-PREPROCESS-AC-QUERY-REBUILD,IMPLEMENTATION_PENDING,,,,The complete requirement is not currently implemented because final routing-aware query reconstruction and/or required schema-to-runtime field mapping remains incomplete at the downstream handoff boundary.
GHOST-PREPROCESS-AC-FINAL-MODE,TRACED,superprompt_projector.py,ragstream/orchestration/superprompt_projector.py,PYTHON,superprompt_projector.py owns final_prompt_mode rendering and includes exactly the permitted ActiveBrief continuity material without independently redefining the routing state.
GHOST-PREPROCESS-AC-A2-INVALID,TRACED,a2_promptshaper.py,ragstream/agents/a2_promptshaper.py,PYTHON,"a2_promptshaper.py owns this A2 PromptShaper scope through A2PromptShaper.run(), _build_default_selector_result(), _sanitize_selector_result(), _build_prompt_under_evaluation(), _build_result_key_map(), and _build_required_output_text(), with data/agents/a2_promptshaper/003.json JSONPaths $.llm_config, $.static_prompt, $.dynamic_bindings, $.decision_targets, $.output_schema and catalog refs to a2_catalogs/*.json loaded by AgentFactory as supporting configuration."
GHOST-PREPROCESS-AC-A2-PRESERVE,TRACED,a2_promptshaper.py,ragstream/agents/a2_promptshaper.py,PYTHON,"a2_promptshaper.py owns this A2 PromptShaper scope through A2PromptShaper.run(), _build_default_selector_result(), _sanitize_selector_result(), _build_prompt_under_evaluation(), _build_result_key_map(), and _build_required_output_text(), with data/agents/a2_promptshaper/003.json JSONPaths $.llm_config, $.static_prompt, $.dynamic_bindings, $.decision_targets, $.output_schema and catalog refs to a2_catalogs/*.json loaded by AgentFactory as supporting configuration."
GHOST-PREPROCESS-AC-A2-DEFAULT,TRACED,a2_promptshaper.py,ragstream/agents/a2_promptshaper.py,PYTHON,"a2_promptshaper.py owns this A2 PromptShaper scope through A2PromptShaper.run(), _build_default_selector_result(), _sanitize_selector_result(), _build_prompt_under_evaluation(), _build_result_key_map(), and _build_required_output_text(), with data/agents/a2_promptshaper/003.json JSONPaths $.llm_config, $.static_prompt, $.dynamic_bindings, $.decision_targets, $.output_schema and catalog refs to a2_catalogs/*.json loaded by AgentFactory as supporting configuration."
GHOST-PREPROCESS-AC-A2-ID-LABEL,TRACED,a2_promptshaper.py,ragstream/agents/a2_promptshaper.py,PYTHON,"a2_promptshaper.py owns this A2 PromptShaper scope through A2PromptShaper.run(), _build_default_selector_result(), _sanitize_selector_result(), _build_prompt_under_evaluation(), _build_result_key_map(), and _build_required_output_text(), with data/agents/a2_promptshaper/003.json JSONPaths $.llm_config, $.static_prompt, $.dynamic_bindings, $.decision_targets, $.output_schema and catalog refs to a2_catalogs/*.json loaded by AgentFactory as supporting configuration."
GHOST-PREPROCESS-AC-A2-STATE,SYSTEM_WIDE,,,,"This UID spans multiple independent implementation areas rather than one owner: ragstream/app/controller.py, ragstream/preprocessing/preprocessing.py, ragstream/preprocessing/activebrief_relation_classifier.py, ragstream/agents/a2_promptshaper.py, ragstream/orchestration/superprompt_projector.py, ragstream/orchestration/super_prompt.py, and Agent Stack JSON loading via ragstream/orchestration/agent_factory.py; no single Python file owns the complete prompt-preparation scope."
GHOST-PREPROCESS-AC-HANDOFF,IMPLEMENTATION_PENDING,,,,The complete requirement is not currently implemented because final routing-aware query reconstruction and/or required schema-to-runtime field mapping remains incomplete at the downstream handoff boundary.
GHOST-PREPROCESS-AC-NO-RETRIEVAL,SYSTEM_WIDE,,,,"This UID spans multiple independent implementation areas rather than one owner: ragstream/app/controller.py, ragstream/preprocessing/preprocessing.py, ragstream/preprocessing/activebrief_relation_classifier.py, ragstream/agents/a2_promptshaper.py, ragstream/orchestration/superprompt_projector.py, ragstream/orchestration/super_prompt.py, and Agent Stack JSON loading via ragstream/orchestration/agent_factory.py; no single Python file owns the complete prompt-preparation scope."
GHOST-PREPROCESS-AC-SYNCHRONIZATION,SYSTEM_WIDE,,,,"This UID spans multiple independent implementation areas rather than one owner: ragstream/app/controller.py, ragstream/preprocessing/preprocessing.py, ragstream/preprocessing/activebrief_relation_classifier.py, ragstream/agents/a2_promptshaper.py, ragstream/orchestration/superprompt_projector.py, ragstream/orchestration/super_prompt.py, and Agent Stack JSON loading via ragstream/orchestration/agent_factory.py; no single Python file owns the complete prompt-preparation scope."
